N beam,Microsecs per read,Accuracy,Accuracy std
30,1412.71,0.012518891486418016,8.331725656106897e-05
10,496.224,0.011844403903257857,7.097193646822185e-05
15,729.55,0.01216961264089628,8.299330901585153e-05
20,971.884,0.012356903255963633,9.383641568746156e-05
40,1893.15,0.01260752076561498,8.611429803794123e-05
