N beam,Microsecs per read,Accuracy,Accuracy std
2,1408.98,0.009376486674339343,0.00020213195001984774
3,1951.57,0.010161168011656271,0.00026152700273871253
5,3174.78,0.011180498970584148,0.00019001813919081572
7,4510.37,0.011585643919206115,0.0002527244604070507
10,6581.66,0.011910653595943883,0.000242026111609063
12,8028.51,0.012200683047063676,0.0002737935601924965
15,10553.8,0.012422516841960886,0.00026911522795014314
20,15291.7,0.012700022092969127,0.00026060539493751397
40,38195.1,0.012873332902611695,0.000300347176845652
