N beam,Microsecs per read,Accuracy
2,2466.79,0.38635021358778293
3,3508.7,0.3881257380768487
4,4447.02,0.388851102901961
5,5585.28,0.3895115092281672
6,6887.0,0.38967391719698485
7,8033.9,0.3899987108636707
8,9295.55,0.39033433055612254
9,10356.7,0.39054003090645156
10,11607.8,0.39046424520962425
12,14455.7,0.3908215192979184
15,18621.9,0.3909947345380182
20,26055.1,0.39090812398758024
40,63694.9,0.3911029994842986
